,Total fuel consumption,Total Travel Time
0,191132.83437878592,78779.3620182694
1,191180.5482931545,78757.65002990697
2,191199.4564598327,78750.18934869564
